carriers,costs,total_levelised_cost
water_to_hpA,monetary,2.0546918295882493
water_to_hpC,monetary,0.4766280400084016
water_to_hpB,monetary,2.02094108080241
waterA,monetary,2.0546918295882604
waterC,monetary,0.47662804000842146
waterE,monetary,inf
waterD,monetary,0.26566987879630233
waterB,monetary,1.5805322889827473
power,monetary,0.058144214854559756
