carriers,costs,total_levelised_cost
water_to_hpA,monetary,2.054692198500192
water_to_hpC,monetary,0.47662812558513556
water_to_hpB,monetary,2.0214210231461114
waterA,monetary,2.054692198500213
waterC,monetary,0.47662812558513834
waterE,monetary,inf
waterD,monetary,0.26567821256312146
waterB,monetary,1.5805325727611867
power,monetary,0.058144234937695105
